Bronica etrs, 1 
Bronica etr, 1 
Bronica sq, 1 
Bronica etrsi, 1 
Bronica gs-1, 1 
Bronica sq-a, 1 
Bronica ec, 1
Bronica etr-si, 1
Bronica ec-tl, 1
Bronica sq-am, 1
Bronica rf645, 1
Bronica s, 2
Bronica zenzanon-e, 2
Bronica etr-c, 1
Bronica zenza, 1
Bronica tele, 2
Bronica model, 1
Bronica zenzanon-pg, 2
Bronica s2a, 1
Bronica near, 2
Bronica e, 2
Bronica nikkor, 2
Bronica s2, 2
Bronica sqa, 1
Bronica zenzanon-ps, 2
Bronica 67mm, 2
Bronica etr-s, 1
Bronica tele-converter, 2
Bronica ps, 2
Bronica seiko, 2
Bronica gs-1,  1
Bronica w/, 2
Bronica slr, 1
Bronica etrc, 1
Bronica pe, 2
Bronica sq-ai, 1
Bronica ets, 1
Bronica 13.5cm, 2
Bronica etrs/, 1
Bronica "c", 1
Bronica w/hood, 2
Bronica etr/erts/etrsi, 1
Bronica 4211779, 2
Bronica helicoid, 1
Bronica sq-a,  1
Bronica ec,  2
Bronica (basic&pro-pkgs.), 1
Bronica 200m, 2
Bronica etrs/etrc, 1
Bronica 65mm, 2
Bronica from, 2
Contax carl 2, 1
Contax 645, 1 
Contax rf, 2 
Contax t2, 1 
Contax 35mm, 2 
Contax g, 2 
Contax rts, 2 
Contax g1, 1 
Contax g2, 1 
Contax t3, 1 
Contax 139, 1 
Contax iiia, 1 
Contax filters, 1 
Contax camera, 2
Contax to, 2
Contax vario-sonnar, 2
Contax 28mm, 2
Contax iia, 1
Contax tvs, 1
Contax 137, 1
Contax t, 1
Contax 90mm, 2
Contax nikon, 2
Contax focusing, 1
Contax 85mm, 2
Contax iii, 1
Contax 210mm, 2
Contax &, 2
Contax nx, 1
Contax rx, 1
Contax 180mm, 2
Contax with, 2
Contax mutar, 2
Contax film, 1
Contax i,  1
Contax 80-200mm, 2
Contax c/y, 2
Contax mmj, 2
Contax 167mt, 1
Contax 300mm, 2
Contax tele-tessar, 2
Contax n1, 1
Contax i, 2
Contax japan, 2
Contax rtsiii, 1
Contax mint, 2
Contax vario, 2
Contax n, 2
Contax mount/180029, 2
Contax 25mm, 2
Contax 45mm, 2
Contax 67mt, 2
Contax tix, 1
Contax 1:3.5-4.5, 2
Contax 24-85mm, 2
Contax ax, 1
Contax leica, 2
Contax 159, 1
Contax tvsii, 1
Contax ep, 2
Contax ('c'), 2
Contax +, 2
Contax cgcm, 1
Contax contax, 2
Contax range, 2
Contax canon, 2
Contax *used-works, 2
Contax 28-85mm, 2
Contax cy, 2
Contax 35-70mm, 2
Contax llla, 1
Contax ml, 2
Contax 167, 1
Contax ae, 2
Contax real, 1
Contax copy), 1
Contax free, 2
Contax ikon, 1
Contax 1, 1
Contax for, 2
Contax g1,  2
Contax cameras, 2
Contax kiev, 2
Contax 28-70mm, 2
Contax n1/, 2
Contax metal, 1
Contax rangefinders, 2
Contax ii,  2
Contax 28-85, 2
Contax rengefinder, 2
Hasselblad 50mm, 2 
Hasselblad 500c, 1 
Hasselblad 80mm, 1 
Hasselblad 500c/m, 1 
Hasselblad 503cw, 1 
Hasselblad 500, 1 
Hasselblad 150mm, 2 
Hasselblad 500cm, 1 
Hasselblad 250mm, 2 
Hasselblad 501c, 1 
Hasselblad 500el/m, 1 
Hasselblad 120mm, 2 
Hasselblad 503cx, 1 
Hasselblad 501cm, 1 
Hasselblad xpan, 1 
Hasselblad 40mm, 2 
Hasselblad h2, 1 
Hasselblad 553elx, 1 
Hasselblad xcd, 2 
Hasselblad 2x, 2 
Hasselblad v, 2
Hasselblad 1000f, 2
Hasselblad h1, 1
Hasselblad c, 2
Hasselblad 555eld, 1
Hasselblad 202fa, 1
Hasselblad swc, 1
Hasselblad sonnar, 2
Hasselblad a12, 1
Hasselblad 503cxi, 1
Hasselblad 60mm, 2
Hasselblad swc/m, 1
Hasselblad 2000fc/m, 1
Hasselblad 500mm, 2
Hasselblad 500elx, 1
Hasselblad rapid, 1
Hasselblad 500elm, 1
Hasselblad iso3200, 1
Hasselblad planar, 2
Hasselblad hcd, 2
Hasselblad 500el, 1
Hasselblad variogon, 2
Hasselblad makro-planar, 1
Hasselblad 50-110mm, 2
Hasselblad 500cm,  1
Hasselblad af, 2
Hasselblad 26mm, 2
Hasselblad winder, 1
Hasselblad el/m, 1
Hasselblad great, 1
Hasselblad battery, 1
Hasselblad 350mm, 2
Hasselblad h3dii, 1
Hasselblad 2000fc, 1
Hasselblad 205fcc, 1
Hasselblad 553, 1
Hasselblad v-system, 2
Hasselblad 1600f, 2
Hasselblad 140-280mm, 2
Hasselblad limited, 1
Hasselblad flexbody, 1
Hasselblad bayonet, 2
Hasselblad h-system, 2
Hasselblad 95mm, 2
Hasselblad 203fe, 1
Hasselblad 500-el/m, 1
Hasselblad 4116, 3
Hasselblad 500c,  1
Hasselblad finder, 1
Hasselblad 77mm, 2
Hasselblad focus, 2
Hasselblad 2000fcw, 1
Hasselblad left, 1
Hasselblad lens-new, 2
Hasselblad b50, 2
Hasselblad synchro, 2
Hasselblad converter, 2
Hasselblad extension, 1
Hasselblad 501cm,  1
Hasselblad 110mm, 2
Hasselblad director's, 1
Hasselblad magazine, 2
Hasselblad cfv, 1
Hasselblad 501, 1
Hasselblad pro, 1
Hasselblad 500c/m+cf, 1
Hasselblad 32mm, 2
Hasselblad 80, 2
Hasselblad cut, 1
Hasselblad vivitar, 2
Hasselblad 42218, 2
Hasselblad magazin, 1
Hasselblad x-pan, 2
Hasselblad elm, 1
Hasselblad cb, 2
Hasselblad hbf, 2
Hasselblad superwide, 1
Hasselblad v-mount, 2
Hasselblad cvf-16, 1
Hasselblad 1000, 2
Hasselblad 503, 1
Hasselblad 1600, 1
Hasselblad hc150mm, 2
Hasselblad nc-2, 1
Hasselblad 555, 1
Hasselblad pistol, 1
Hasselblad accessories,  1
Hasselblad #315, 2
Hasselblad mod, 2
Hasselblad 50, 2
Hasselblad swc., 1
Hasselblad h3d31-ii, 1
Hasselblad lf, 2
Hasselblad 30mm, 2
Hasselblad 2000, 1
Hasselblad (carl, 2
Hasselblad lense, 2
Hasselblad multi-prism, 1
Hasselblad 205tcc, 1
Hasselblad 45, 1
Hasselblad h4d, 3
Hasselblad 500s, 2
Hasselblad rokunar, 2
Hasselblad cm, 1
Hasselblad 2xe, 2
Hasselblad fe, 2
Hasselblad pme-45, 1
Hasselblad supreme, 1
Hasselblad li-ion, 2
Hasselblad 903swc, 1
Plaubel makina, 1 
Plaubel toyo, 2
Rolleiflex lens, 1 
Rolleiflex 135mm, 2 
Rolleiflex sl66, 1 
Rolleiflex 2.8, 1 
Rolleiflex 3.5, 1 
Rolleiflex 2.8f, 1 
Rolleiflex tlr, 1 
Rolleiflex 2.8c, 1
Rolleiflex 6006, 1
Rolleiflex sl, 1
Rolleiflex automat, 1
Rolleiflex -, 1
Rolleiflex sl35, 2
Rolleiflex 4x4, 1
Rolleiflex rollei, 2
Rolleiflex slx, 2
Rolleiflex grey, 1
Rolleiflex sl35m, 1
Rolleiflex tele-rollei, 2
Rolleiflex 3.5e, 1
Rolleiflex pq, 2
Rolleiflex 3003, 1
Rolleiflex 150, 2
Rolleiflex 2,8/80mm, 2
Rolleiflex 2.8d, 1
Rolleiflex 6000, 2
Rolleiflex sl35e, 1
Rolleiflex mx-evs, 1
Rolleiflex 3.5f, 1
Rolleiflex 3.5mx, 1
Rolleiflex sl26, 1
Rolleiflex wide, 1
Rolleiflex rolleicord, 1
Rolleiflex hy6.2, 1
Rolleiflex sl35/sl2000/159916, 2
Rolleiflex 28c, 1
Rolleiflex 1:2.8/80, 1
Rolleiflex sl66se, 1
Rolleiflex in, 1
Rolleiflex 6008, 1
Rolleiflex back, 1
Rolleiflex schneider, 2
Rolleiflex compur, 1
Rolleiflex sl66,  1
Rolleiflex bay, 2
Rolleiflex accessories, 1
Rolleiflex leather, 1
Rolleiflex slr,  2
Rolleiflex clone, 1
Rolleiflex twin, 1
Rolleiflex sl35me, 1
Voigtlander nokton, 2 
Voigtlander super, 2 
Voigtlander ultron, 2 
Voigtlander 100mm, 2 
Voigtlander bessa, 1 
Voigtlander vito, 1 
Voigtlander prominent, 1 
Voigtlander color, 2 
Voigtlander heliar, 2 
Voigtlander 75mm, 2 
Voigtlander bessamatic, 1 
Voigtlander color-skopar, 2 
Voigtlander vitessa, 1
Voigtlander black, 1
Voigtlander 15mm, 2
Voigtlander vitomatic, 1
Voigtlander 21mm, 2
Voigtlander macro, 2
Voigtlander ultra, 2
Voigtlander technika, 2
Voigtlander vitrona, 1
Voigtlander 200mm, 2
Voigtlander cv, 2
Voigtlander brillant,  1
Voigtlander skopar, 2
Voigtlander bessa-r, 1
Voigtlander bessamatic,  1
Voigtlander vm, 2
Voigtlander vaskar, 2
Voigtlander dynaron, 2
Voigtlander "ultron, 2
Voigtlander dkl, 2
Voigtlander skoparon, 2
Voigtlander 42.5mm, 2
Voigtlander classic, 2
Voigtlander superb, 1
Voigtlander apo-lanthar, 2
Voigtlander color-skoparex, 2
Voigtlander anastigmat, 2
Voigtlander 36-82mm, 2
Voigtlander heliar-hyper, 2
Voigtlander snapshot-skopar, 2
Voigtlander (rollei), 2
Voigtlander skoparex, 2
Voigtlander 12mm, 2
Voigtlander avus, 1
Voigtlander bessy, 1
Voigtlander micro, 2
Voigtlander color-f-skoparex, 2
Voigtlander portrait, 2
Voigtlander ultra-wide, 2
Voigtlander bessaflex, 1
Voigtlander angle, 1
Voigtlander perkeo, 1
Voigtlander brown, 1
Voigtlander telomar, 2
Voigtlander ba290c, 2
Voigtlander 65mm/f2, 2
Voigtlander voigtlander, 2
Voigtlander vintage, 2
Voigtlander sc-skopar, 2
Voigtlander brillant, 1
Voigtlander ultramatic, 1
Voigtlander heliopan, 1
Voigtlander 10.5mm, 2
Voigtlander f4, 2
Voigtlander md, 2
Voigtlander tele-dynar, 2
Voigtlander bessa-l, 1
Voigtlander color-ultron, 2
Voigtlander dynar, 2
Voigtlander 101st, 1
Voigtlander super-dynarex, 2
Voigtlander vf, 1
Voigtlander apo, 2