Nikon, D3X
Nikon, D2Xs
Nikon, D2X
Nikon, D1X
Nikon, D1
Nikon, D5
Nikon, D4S
Nikon, D4
Nikon, D3S
Nikon, D3
Nikon, D2Hs
Nikon, D2H
Nikon, D1H
Nikon, D850
Nikon, D810
Nikon, D800
Nikon, D700
Nikon, D750
Nikon, Df
Nikon, D610
Nikon, D600
Nikon, D500
Nikon, D300S
Nikon, D300
Nikon, D200
Nikon, D100
Nikon, D7500
Nikon, D7200
Nikon, D7100
Nikon, D7000
Nikon, D90
Nikon, D80
Nikon, D70s
Nikon, D70
Nikon, D5600
Nikon, D5500
Nikon, D5300
Nikon, D5200
Nikon, D5100
Nikon, D5000
Nikon, D60
Nikon, D40X
Nikon, D50
Nikon, D3400
Nikon, D3300
Nikon, D3200
Nikon, D3100
Nikon, D3000
Nikon, D40
Canon, 1Ds
Canon, 1Ds Mk II
Canon, 1Ds Mk III
Canon, 1D
Canon, 1D Mk II
Canon, 1D Mk II N
Canon, 1D Mk III
Canon, 1D Mk IV
Canon, 1D X
Canon, 1D C
Canon, 1D X Mk II
Canon, 5D
Canon, 5D Mk II
Canon, 5D Mk III
Canon, 5D Mk IV
Canon, 5Ds
Canon, 5Ds R
Canon, 6D
Canon, 6D Mk II
Canon, 7D
Canon, 7D Mk II
Canon, D30
Canon, D60
Canon, 10D
Canon, 20D
Canon, 20Da
Canon, 30D
Canon, 40D
Canon, 50D
Canon, 60D
Canon, 60Da
Canon, 70D
Canon, 77D
Canon, 80D
Canon, 300D
Canon, 350D
Canon, 400D
Canon, 450D
Canon, 500D
Canon, 550D
Canon, 600D
Canon, 650D
Canon, 700D
Canon, 750D
Canon, 760D
Canon, 800D
Canon, 1000D
Canon, 1100D
Canon, 1200D
Canon, 1300D
Canon, 2000D
Canon, 4000D
Canon, 100D
Canon, 200D
Canon, Dital Rebel
Canon, Rebel XT
Canon, Rebel XTi
Canon, Rebel XSi
Canon, Rebel T1i
Canon, Rebel T2i
Canon, Rebel T3i
Canon, Rebel T4i
Canon, Rebel T5i
Canon, Rebel T6i
Canon, Rebel T6s
Canon, Rebel T7i
Canon, Rebel XS
Canon, Rebel T3
Canon, Rebel T5
Canon, Rebel T6
Canon, Rebel T7
Canon, Rebel T100
Canon, Rebel SL1
Canon, Rebel SL2
Canon, XT
Canon, XTi
Canon, XSi
Canon, T1i
Canon, T2i
Canon, T3i
Canon, T4i
Canon, T5i
Canon, T6i
Canon, T6s
Canon, T7i
Canon, XS
Canon, T3
Canon, T5
Canon, T6
Canon, T7
Canon, T100
Canon, SL1
Canon, SL2
Canon, EOS M2
Canon, EOS M3
Canon, EOS M5
Canon, EOS M6
Canon, EOS M50
Canon, EOS M10
Canon, EOS M100
Sony, NEX-3
Sony, NEX-5
Sony, NEX-C3
Sony, NEX-5N
Sony, NEX-7
Sony, NEX-F3
Sony, NEX-5R
Sony, NEX-6
Sony, NEX-3N
Sony, NEX-5T
Sony, α3000
Sony, α7
Sony, α7R
Sony, α5000
Sony, α6000
Sony, α3500
Sony, α7S
Sony, α5100
Sony, α7 II
Sony, α7R II
Sony, α7S II
Sony, α6300
Sony, α6500
Sony, α9
Sony, α7R III
Sony, α7 III
Sony, αQX1
Sony, NEX-VG10
Sony, NEX-VG20
Sony, NEX-VG30
Sony, NEX-VG900
Sony, NEX-FS100
Sony, NEX-FS700
Sony, NEX-EA50
Sony, PXW-FS7
Sony, PXW-FS5
Sony, PXW-FS7 II
Fuji, X100S
Fuji, X100T
Fuji, X70
Fuji, X100F
Fuji, X20
Fuji, X30
Fuji, X Pro1
Fuji, X Pro2
Fuji, X-E1
Fuji, X-E2
Fuji, X-E2S
Fuji, X-E3
Fuji, X-A1
Fuji, X-A2
Fuji, X-A3
Fuji, X-A10
Fuji, X-A5
Fuji, XQ1
Fuji, XQ2
Fuji, X-T1
Fuji, X-T10
Fuji, X-T2
Fuji, X-T20
Fuji, X-H1
Fuji, XF1
Fuji, X-M1	