Leica, M1, 1
Leica, M2, 1
Leica, M3, 1
Leica, M4, 1
Leica, M4P, 1
Leica, M42, 1
Leica, M5, 1
Leica, M6, 1
Leica, M7, 1
Leica, R1, 1
Leica, R2, 1
Leica, R3, 1
Leica, R4, 1
Leica, R5, 1
Leica, R6, 1
Leica, R7, 1
Leica, R8, 1
Leica, R9, 1
Nikon, F6, 1
Nikon, FM10, 1
Nikon, M, 1
Nikon, S, 1
Nikon, S2, 1
Nikon, S3, 1
Nikon, S3M, 1
Nikon, S4, 1
Nikon, SP, 1
NIKKOREX, 35 / 2 , 1
Nikon, 35II, 1
NIKKOREX, 35, 1
NIKKOREX, F , 1
NIKKOREX, ZOOM 35, 1
Nikkormat, EL, 1
Nikkormat, ELW, 1
Nikkormat, FS, 1
Nikkormat, FT, 1
Nikkormat, FT2, 1
Nikkormat, FT3, 1
Nikkormat, FTN, 1
Nikon, AUTO35 , 1
Nikon, EL2, 1
Nikon, EM, 1
Nikon, F , 1
Nikon, NIKKOR F, 1
Nikon, F Photomic T, 1
Nikon, F Photomic TN, 1
Nikon, F Photomic, 1
Nikon, F-301 , 1
Nikon, N2000, 1
Nikon, F-401 / F-401 QD , 1
Nikon, N4004 / N4004 QD, 1
Nikon, F-401S / F-401S QD , 1
Nikon, N4004S / N4004S QD, 1
Nikon, F-401X / F-401X QD , 1
Nikon, N5005, 1
Nikon, F-501 , 1
Nikon, N2020, 1
Nikon, F-601 / F-601 QD , 1
Nikon, N6006 / N6006 QD, 1
Nikon, F-601M , 1
Nikon, N6000, 1
Nikon, F-801 , 1
Nikon, N8008, 1
Nikon, F-801S , 1
Nikon, N8008S, 1
Nikon, F100, 1
Nikon, F2 Photomic A, 1
Nikon, F2 Photomic AS, 1
Nikon, F2 Photomic S, 1
Nikon, F2 Photomic SB, 1
Nikon, F2 Photomic, 1
Nikon, F2, 1
Nikon, F3 high-eyepoint, 1
Nikon, F3/T, 1
Nikon, F3, 1
Nikon, F3AF, 1
Nikon, F4, 1
Nikon, F5, 1
Nikon, F50 / F50D , 1
Nikon, N50, 1
Nikon, F55, 1
Nikon, F60, 1
Nikon, F65, 1
Nikon, F70 / F70D , 1
Nikon, N70, 1
Nikon, F75, 1
Nikon, F80, 1
Nikon, F90, 1
Nikon, F90X , 1
Nikon, N90S, 1
Nikon, FA, 1
Nikon, FE, 1
Nikon, FE10, 1
Nikon, FE2, 1
Nikon, FG-20, 1
Nikon, FG, 1
Nikon, FM, 1
Nikon, FM2 , 1
Nikon, FM2N, 1
Nikon, FM2/T, 1
Nikon, FM2, 1
Nikon, FM3A, 1
Nikon, Photomic FTN, 1
Nikon, PRONEA 600i , 1
Nikon, PRONEA 6i, 1
Nikon, PRONEA S, 1
Nikon, AF200 , 1
Nikon, Fun•Touch 2, 1
Nikon, AF210 , 1
Nikon, Fun•Touch 3, 1
Nikon, AF220 , 1
Nikon, Fun•Touch 4, 1
Nikon, AF230 / AF230 QD , 1
Nikon, Fun•Touch 5, 1
Nikon, AF240SV / SV QD , 1
Nikon, Fun•Touch 6, 1
Nikon, AF3 / AD3 , 1
Nikon, One•Touch, 1
Nikon, AF400 , 1
Nikon, One•Touch 300, 1
Nikon, AW35 / AW35 QD , 1
Nikon, Sport•Touch, 1
Nikon, EF100 , 1
Nikon, Nice•Touch 2, 1
Nikon, EF200 , 1
Nikon, Nice•Touch 3, 1
Nikon, EF300 / EF300 QD , 1
Nikon, Nice•Touch 4, 1
Nikon, EF400SV / SV QD , 1
Nikon, Nice•Touch 5, 1
Nikon, L35AF2 / L35AD2 , 1
Nikon, One•Touch, 1
Nikon, L35AWAF / L35AWAD , 1
Nikon, Action•Touch, 1
Nikon, Lite•Touch Zoom 100W / 100W QD, 1
Nikon, Lite•Touch Zoom 110S / 110S QD, 1
Nikon, Lite•Touch Zoom 120ED, 1
Nikon, Lite•Touch Zoom 120ED / 120ED QD, 1
Nikon, Lite•Touch Zoom 130ED / 130ED QD, 1
Nikon, Lite•Touch Zoom 140ED / 140ED QD, 1
Nikon, Lite•Touch Zoom 150ED / 150ED QD, 1
Nikon, Lite•Touch Zoom 70W / 70W QD, 1
Nikon, Lite•Touch Zoom 70WS / 70WS QD, 1
Nikon, 28Ti Quartz Date, 1
Nikon, 35Ti Quartz Date, 1
Nikon, AF250SV / AF250SV QD, 1
Nikon, AF600 / AF600 QD , 1
Nikon, Lite•Touch / QD, 1
Nikon, BF100 / BF100 QD, 1
Nikon, EF500SV / EF500SV QD, 1
Nikon, L135AF, 1
Nikon, L35AF / L35AD, 1
Nikon, L35TWAF / L35TWAD , 1
Nikon, Tele•Touch, 1
Nikon, RF10 , 1
Nikon, Smiletaker, 1
Nikon, TW2 / TW2D , 1
Nikon, Tele•Touch Deluxe, 1
Nikon, TW20 / TW20 QD , 1
Nikon, Tele•Touch 300, 1
Nikon, Zoom 300 / 300 QD , 1
Nikon, Lite•Touch Zoom / QD, 1
Nikon, Zoom 310 / 310 QD , 1
Nikon, Lite•Touch Zoom 70, 1
Nikon, Zoom 400 / 400 QD , 1
Nikon, Lite•Touch Zoom 80 / 80 QD, 1
Nikon, Zoom 500 / 500 QD , 1
Nikon, Lite•Touch Zoom 105 / 105 QD, 1
Nikon, Zoom 60, 1
Nikon, Zoom 600 / 600 QD , 1
Nikon, Lite•Touch Zoom 110 / 110 QD, 1
Nikon, Zoom 60S, 1
Nikon, Zoom 800 / 800 QD, 1
Nuvis, 110i, 1
Nuvis, 125i / 125, 1
Nuvis, 160i, 1
Nuvis, 200, 1
Nuvis, 300, 1
Nuvis, 60 / 60 QD, 1
Nuvis, 75i / 75, 1
Nuvis, A20, 1
Nuvis, A20 / A20 QD, 1
Nuvis, E10 / E10 QD, 1
Nuvis, mini i / mini, 1
Nuvis, S , 1
Nuvis, S 2000, 1
Nuvis, V, 1
Nikon, One•Touch Zoom 90 / 90 QD, 1
Nikon, One•Touch Zoom 90S / 90S QD, 1
Nikon, RF / RD , 1
Nikon, Fun•Touch, 1
Nikon, RF2 / RD2 , 1
Nikon, One•Touch 100, 1
Nikon, TW Zoom / TW Zoom QD , 1
Nikon, Zoom•Touch 500, 1
Nikon, TW Zoom 105 WORLD TIME , 1
Nikon, Zoom•Touch 800 / 800 WORLD TIME, 1
Nikon, TW Zoom 35-70 / 35-70 QD , 1
Nikon, Zoom•Touch 400, 1
Nikon, TW Zoom 35-80 / 35-80 QD , 1
Nikon, Zoom•Touch 500S, 1
Nikon, TW Zoom 85 / 85 QD , 1
Nikon, Zoom•Touch 600, 1
Nikon, W35 / W35 QD , 1
Nikon, One•Touch 200, 1
Nikon, Zoom 100 / 100 QD , 1
Nikon, Zoom•Touch 470 / 470 QD, 1
Nikon, Zoom 200 / 200 QD , 1
Nikon, One•Touch Zoom / QD, 1
Nikon, Zoom 210 / 210 QD , 1
Nikon, One•Touch Zoom 70 / 70 QD, 1
Nikon, Zoom 700VR / 700VR QD , 1
Nikon, Zoom•Touch 105 VR QD, 1
NIKONOS, Calypso, 1
NIKONOS, II, 1
NIKONOS,-III, 1
NIKONOS, IV-A, 1
NIKONOS,-V, 1
NIKONOS, RS, 1
Nikon, Fisheye Camera, 1